{"cameraMode":{"drawMode":0,"name":"Shaded","section":"Shading Mode"},"sceneLighting":true,"audioPlay":false,"sceneViewState":{"m_AlwaysRefresh":false,"showFog":true,"showSkybox":true,"showFlares":true,"showImageEffects":true,"showParticleSystems":true,"showVisualEffectGraphs":true,"m_FxEnabled":true},"in2DMode":false,"pivot":{"x":-5.132509708404541,"y":64.36454010009766,"z":9.071402549743653},"rotation":{"x":-0.0011399582726880909,"y":0.9211674928665161,"z":-0.3886435925960541,"w":0.030320944264531137},"size":43.43890380859375,"orthographic":false}